WKT,nombre,descripción
"LINESTRING (96.4898118 68.4217868, 71.5288743 61.1304666, 106.3335618 65.683586, 102.6421556 68.7427268, 98.4234056 70.2801933)",Línea 1,
